[
    {
        "id": "d74b57da-f688-4065-91f4-e0e617698729",
        "order_date": "1702700390000",
        "first_name": "Romy",
        "last_name": "Doulden",
        "check_in": "1716722298000",
        "check_out": "1720229350000",
        "request": "Donec semper sapien a libero. Nam dui.",
        "room_type": "Suite",
        "room_number": "999",
        "status": "Check In"
    },
    {
        "id": "db05ffe5-3762-4756-9c43-ba48bc4dc6ae",
        "order_date": "1690812343000",
        "first_name": "Ransom",
        "last_name": "Kynan",
        "check_in": "1725042036000",
        "check_out": "1734244142000",
        "request": "Proin at turpis a pede posuere nonummy. Integer non velit. Donec diam neque, vestibulum eget, vulputate ut, ultrices vel, augue.",
        "room_type": "Double Superior",
        "room_number": "002",
        "status": "In Progress"
    },
    {
        "id": "ca048e0e-7229-47a1-a1a2-3b1f6f392dcf",
        "order_date": "1699585413000",
        "first_name": "Timmy",
        "last_name": "Hannis",
        "check_in": "1712546403000",
        "check_out": "1724879078000",
        "request": "Duis mattis egestas metus. Aenean fermentum. Donec ut mauris eget massa tempor convallis. Nulla neque libero, convallis eget, eleifend luctus, ultricies eu, nibh. Quisque id justo sit amet sapien dignissim vestibulum.",
        "room_type": "Single Bed",
        "room_number": "295",
        "status": "Check Out"
    },
    {
        "id": "46d37ed0-1ffa-47bf-882c-174513f62223",
        "order_date": "1710110356000",
        "first_name": "Mahalia",
        "last_name": "Cullington",
        "check_in": "1740148129000",
        "check_out": "1711740869000",
        "request": "Curabitur at ipsum ac tellus semper interdum. Mauris ullamcorper purus sit amet nulla. Quisque arcu libero, rutrum ac, lobortis vel, dapibus at, diam.",
        "room_type": "Double Bed",
        "room_number": "037",
        "status": "Check Out"
    },
    {
        "id": "35f872fa-2b07-4112-b2ae-37bf0e3b4cc2",
        "order_date": "1699526904000",
        "first_name": "Ofella",
        "last_name": "Winckles",
        "check_in": "1721255876000",
        "check_out": "1720726259000",
        "request": "Cum sociis natoque penatibus et magnis dis parturient montes, nascetur ridiculus mus. Etiam vel augue. Vestibulum rutrum rutrum neque.",
        "room_type": "Single Bed",
        "room_number": "745",
        "status": "Check Out"
    },
    {
        "id": "2ac6630b-920f-4504-a0eb-0deb90c2ddc5",
        "order_date": "1687608217000",
        "first_name": "Corabel",
        "last_name": "Tanzig",
        "check_in": "1721394814000",
        "check_out": "1710605131000",
        "request": "Pellentesque ultrices mattis odio.",
        "room_type": "Suite",
        "room_number": "013",
        "status": "Check Out"
    },
    {
        "id": "79c01eab-a379-415d-ab52-bc628fb36108",
        "order_date": "1685923004000",
        "first_name": "Manuel",
        "last_name": "Whaites",
        "check_in": "1732542395000",
        "check_out": "1737823932000",
        "request": "Nulla tempus. Vivamus in felis eu sapien cursus vestibulum. Proin eu mi. Nulla ac enim. In tempor, turpis nec euismod scelerisque, quam turpis adipiscing lorem, vitae mattis nibh ligula nec sem.",
        "room_type": "Single Bed",
        "room_number": "797",
        "status": "Check In"
    },
    {
        "id": "26087e8d-aa0a-426e-8ac1-2dd95014a135",
        "order_date": "1706553505000",
        "first_name": "Rhett",
        "last_name": "Axtell",
        "check_in": "1726683418000",
        "check_out": "1725024336000",
        "request": "Aliquam erat volutpat.",
        "room_type": "Suite",
        "room_number": "827",
        "status": "Check In"
    },
    {
        "id": "ef03eb62-b727-438d-a67a-882cab44c260",
        "order_date": "1698076600000",
        "first_name": "Deane",
        "last_name": "Littley",
        "check_in": "1725759284000",
        "check_out": "1741896363000",
        "request": "Pellentesque at nulla. Suspendisse potenti. Cras in purus eu magna vulputate luctus. Cum sociis natoque penatibus et magnis dis parturient montes, nascetur ridiculus mus.",
        "room_type": "Suite",
        "room_number": "849",
        "status": "Check Out"
    },
    {
        "id": "0dd45baf-09a0-4274-89af-01fab5142ad2",
        "order_date": "1696861562000",
        "first_name": "Rayner",
        "last_name": "Rissen",
        "check_in": "1725601023000",
        "check_out": "1719709343000",
        "request": "Nullam orci pede, venenatis non, sodales sed, tincidunt eu, felis. Fusce posuere felis sed lacus. Morbi sem mauris, laoreet ut, rhoncus aliquet, pulvinar sed, nisl. Nunc rhoncus dui vel sem.",
        "room_type": "Double Bed",
        "room_number": "551",
        "status": "Check In"
    },
    {
        "id": "326d6fb9-2fbb-4ab9-9c21-25d5b6b26aa7",
        "order_date": "1709189026000",
        "first_name": "Randi",
        "last_name": "Sissons",
        "check_in": "1714954542000",
        "check_out": "1727773602000",
        "request": "Maecenas tristique, est et tempus semper, est quam pharetra magna, ac consequat metus sapien ut nunc.",
        "room_type": "Double Bed",
        "room_number": "310",
        "status": "Check In"
    },
    {
        "id": "5254ac8b-ca69-4b2b-98ba-90b351bcf07f",
        "order_date": "1697506871000",
        "first_name": "Harlin",
        "last_name": "Whettleton",
        "check_in": "1713776911000",
        "check_out": "1737152872000",
        "request": "Donec posuere metus vitae ipsum.",
        "room_type": "Suite",
        "room_number": "049",
        "status": "Check In"
    },
    {
        "id": "9f209881-388f-4da5-9fe8-9f5a4fe7c539",
        "order_date": "1678888349000",
        "first_name": "Waring",
        "last_name": "Georgeot",
        "check_in": "1726749581000",
        "check_out": "1726605658000",
        "request": "Morbi ut odio. Cras mi pede, malesuada in, imperdiet et, commodo vulputate, justo.",
        "room_type": "Double Bed",
        "room_number": "719",
        "status": "In Progress"
    },
    {
        "id": "69914664-a577-463d-a215-89711add42f2",
        "order_date": "1680873125000",
        "first_name": "Freddy",
        "last_name": "Somerbell",
        "check_in": "1733640424000",
        "check_out": "1730507716000",
        "request": "Etiam vel augue. Vestibulum rutrum rutrum neque. Aenean auctor gravida sem.",
        "room_type": "Suite",
        "room_number": "950",
        "status": "In Progress"
    },
    {
        "id": "0008d3ff-13de-407e-ba95-4d9541d04af5",
        "order_date": "1687046806000",
        "first_name": "Terence",
        "last_name": "Surgey",
        "check_in": "1733672845000",
        "check_out": "1721774730000",
        "request": "Nulla ac enim. In tempor, turpis nec euismod scelerisque, quam turpis adipiscing lorem, vitae mattis nibh ligula nec sem. Duis aliquam convallis nunc.",
        "room_type": "Double Superior",
        "room_number": "626",
        "status": "In Progress"
    },
    {
        "id": "7293bcc8-c2b9-49e0-ba35-98ae72a6b14e",
        "order_date": "1690834122000",
        "first_name": "Kip",
        "last_name": "Solly",
        "check_in": "1721635091000",
        "check_out": "1719598877000",
        "request": "Lorem ipsum dolor sit amet, consectetuer adipiscing elit. Proin interdum mauris non ligula pellentesque ultrices.",
        "room_type": "Double Superior",
        "room_number": "405",
        "status": "Check In"
    },
    {
        "id": "cf339e5a-e95e-4149-9388-ad3a5f08ee02",
        "order_date": "1685181792000",
        "first_name": "Tate",
        "last_name": "Gerardeaux",
        "check_in": "1728405969000",
        "check_out": "1712836838000",
        "request": "Nulla mollis molestie lorem. Quisque ut erat. Curabitur gravida nisi at nibh. In hac habitasse platea dictumst.",
        "room_type": "Single Bed",
        "room_number": "665",
        "status": "In Progress"
    },
    {
        "id": "0e335ea6-ecdf-42df-8cfe-6f82efb922ac",
        "order_date": "1688168936000",
        "first_name": "Dore",
        "last_name": "Piesing",
        "check_in": "1725607115000",
        "check_out": "1711318527000",
        "request": "Mauris ullamcorper purus sit amet nulla.",
        "room_type": "Double Bed",
        "room_number": "422",
        "status": "Check In"
    },
    {
        "id": "a27db07c-b315-4e1c-b1e8-778012de09f0",
        "order_date": "1693023847000",
        "first_name": "Freda",
        "last_name": "Sainthill",
        "check_in": "1722291109000",
        "check_out": "1729058365000",
        "request": "Quisque ut erat. Curabitur gravida nisi at nibh. In hac habitasse platea dictumst. Aliquam augue quam, sollicitudin vitae, consectetuer eget, rutrum at, lorem.",
        "room_type": "Double Superior",
        "room_number": "051",
        "status": "Check Out"
    },
    {
        "id": "b21e68c9-6f12-4a2a-9ae2-9c17d6a3d2e1",
        "order_date": "1706719302000",
        "first_name": "Ethelbert",
        "last_name": "Grand",
        "check_in": "1715419101000",
        "check_out": "1722668859000",
        "request": "Morbi quis tortor id nulla ultrices aliquet. Maecenas leo odio, condimentum id, luctus nec, molestie sed, justo.",
        "room_type": "Double Superior",
        "room_number": "532",
        "status": "In Progress"
    },
    {
        "id": "cbb8cb03-98c7-47f4-9680-0fcbfefeb7ae",
        "order_date": "1687045600000",
        "first_name": "Veronique",
        "last_name": "Wickes",
        "check_in": "1733821343000",
        "check_out": "1738631069000",
        "request": "In hac habitasse platea dictumst. Morbi vestibulum, velit id pretium iaculis, diam erat fermentum justo, nec condimentum neque sapien placerat ante. Nulla justo. Aliquam quis turpis eget elit sodales scelerisque.",
        "room_type": "Suite",
        "room_number": "824",
        "status": "Check In"
    },
    {
        "id": "11d7d201-f4e4-42ee-b880-ab21d9f2bb82",
        "order_date": "1704044635000",
        "first_name": "Luise",
        "last_name": "Gapper",
        "check_in": "1715570208000",
        "check_out": "1739429945000",
        "request": "Praesent id massa id nisl venenatis lacinia. Aenean sit amet justo. Morbi ut odio. Cras mi pede, malesuada in, imperdiet et, commodo vulputate, justo.",
        "room_type": "Single Bed",
        "room_number": "194",
        "status": "Check Out"
    },
    {
        "id": "4a169f17-b9f6-4d32-98fd-e75ef9eee536",
        "order_date": "1708102876000",
        "first_name": "Teodorico",
        "last_name": "Seater",
        "check_in": "1715275009000",
        "check_out": "1733550311000",
        "request": "Vestibulum sed magna at nunc commodo placerat. Praesent blandit. Nam nulla. Integer pede justo, lacinia eget, tincidunt eget, tempus vel, pede. Morbi porttitor lorem id ligula.",
        "room_type": "Double Superior",
        "room_number": "312",
        "status": "Check In"
    },
    {
        "id": "6098e62f-e172-4ae0-b68e-3f57e1407c50",
        "order_date": "1690620790000",
        "first_name": "Eddie",
        "last_name": "Walsh",
        "check_in": "1740094698000",
        "check_out": "1716242845000",
        "request": "Nulla neque libero, convallis eget, eleifend luctus, ultricies eu, nibh. Quisque id justo sit amet sapien dignissim vestibulum. Vestibulum ante ipsum primis in faucibus orci luctus et ultrices posuere cubilia Curae; Nulla dapibus dolor vel est.",
        "room_type": "Single Bed",
        "room_number": "273",
        "status": "In Progress"
    },
    {
        "id": "2556e3ed-87d2-4b71-9fdf-dec4c38ad9fc",
        "order_date": "1694832160000",
        "first_name": "Freddi",
        "last_name": "MacPharlain",
        "check_in": "1740923582000",
        "check_out": "1711730351000",
        "request": "In sagittis dui vel nisl. Duis ac nibh. Fusce lacus purus, aliquet at, feugiat non, pretium quis, lectus. Suspendisse potenti.",
        "room_type": "Double Superior",
        "room_number": "050",
        "status": "Check Out"
    },
    {
        "id": "e9fb2d02-0929-4fe5-b5de-241beeb9ac31",
        "order_date": "1705985658000",
        "first_name": "Mechelle",
        "last_name": "Roggeman",
        "check_in": "1725198907000",
        "check_out": "1725044407000",
        "request": "Aenean auctor gravida sem. Praesent id massa id nisl venenatis lacinia. Aenean sit amet justo. Morbi ut odio. Cras mi pede, malesuada in, imperdiet et, commodo vulputate, justo.",
        "room_type": "Suite",
        "room_number": "581",
        "status": "Check Out"
    },
    {
        "id": "bdad9924-fbde-404c-8ac6-310e9bf50438",
        "order_date": "1690248133000",
        "first_name": "Malvina",
        "last_name": "Iowarch",
        "check_in": "1725012487000",
        "check_out": "1710411953000",
        "request": "Maecenas rhoncus aliquam lacus. Morbi quis tortor id nulla ultrices aliquet. Maecenas leo odio, condimentum id, luctus nec, molestie sed, justo.",
        "room_type": "Double Bed",
        "room_number": "034",
        "status": "Check In"
    },
    {
        "id": "5483151c-c4a9-44a7-ae0d-c62dd7a02ef0",
        "order_date": "1679543155000",
        "first_name": "Appolonia",
        "last_name": "Mulligan",
        "check_in": "1740526865000",
        "check_out": "1739689311000",
        "request": "Donec semper sapien a libero.",
        "room_type": "Double Superior",
        "room_number": "725",
        "status": "Check In"
    },
    {
        "id": "ca444ee3-6a2d-496f-ba1f-86b73bd7772e",
        "order_date": "1696853899000",
        "first_name": "Emalia",
        "last_name": "Dobbins",
        "check_in": "1719666446000",
        "check_out": "1718304093000",
        "request": "Nulla nisl.",
        "room_type": "Double Superior",
        "room_number": "043",
        "status": "Check Out"
    },
    {
        "id": "a3af512a-537f-429a-90d9-cbb2898d91d2",
        "order_date": "1680698396000",
        "first_name": "Berti",
        "last_name": "Anstis",
        "check_in": "1733767445000",
        "check_out": "1735632618000",
        "request": "Nam ultrices, libero non mattis pulvinar, nulla pede ullamcorper augue, a suscipit nulla elit ac nulla. Sed vel enim sit amet nunc viverra dapibus. Nulla suscipit ligula in lacus. Curabitur at ipsum ac tellus semper interdum. Mauris ullamcorper purus sit amet nulla.",
        "room_type": "Double Superior",
        "room_number": "767",
        "status": "Check Out"
    },
    {
        "id": "6fb3b33a-3b67-4cc5-95b3-fca62596a58c",
        "order_date": "1704850736000",
        "first_name": "Kimbra",
        "last_name": "Easen",
        "check_in": "1737258260000",
        "check_out": "1723528756000",
        "request": "Donec dapibus. Duis at velit eu est congue elementum. In hac habitasse platea dictumst. Morbi vestibulum, velit id pretium iaculis, diam erat fermentum justo, nec condimentum neque sapien placerat ante.",
        "room_type": "Double Bed",
        "room_number": "927",
        "status": "Check Out"
    },
    {
        "id": "cbd94f1d-e868-431b-8f94-06b803f3f150",
        "order_date": "1706269982000",
        "first_name": "Reidar",
        "last_name": "Tudball",
        "check_in": "1727143808000",
        "check_out": "1731815032000",
        "request": "Nulla tellus. In sagittis dui vel nisl. Duis ac nibh.",
        "room_type": "Double Superior",
        "room_number": "757",
        "status": "Check Out"
    },
    {
        "id": "f3a05643-69f4-45e4-941e-f4ab66a3aabc",
        "order_date": "1710280918000",
        "first_name": "Rem",
        "last_name": "Battson",
        "check_in": "1724234110000",
        "check_out": "1715804708000",
        "request": "Maecenas ut massa quis augue luctus tincidunt. Nulla mollis molestie lorem. Quisque ut erat. Curabitur gravida nisi at nibh. In hac habitasse platea dictumst.",
        "room_type": "Single Bed",
        "room_number": "118",
        "status": "Check In"
    },
    {
        "id": "f8189e37-0635-4983-a6a8-abdbd535cbda",
        "order_date": "1680192346000",
        "first_name": "Viva",
        "last_name": "Tarbett",
        "check_in": "1736633826000",
        "check_out": "1724746048000",
        "request": "Proin eu mi. Nulla ac enim. In tempor, turpis nec euismod scelerisque, quam turpis adipiscing lorem, vitae mattis nibh ligula nec sem.",
        "room_type": "Double Superior",
        "room_number": "763",
        "status": "In Progress"
    },
    {
        "id": "85721296-4521-4acc-9ba0-79231405ea05",
        "order_date": "1688213266000",
        "first_name": "Reginald",
        "last_name": "Fazzioli",
        "check_in": "1728708703000",
        "check_out": "1711708492000",
        "request": "Aliquam non mauris. Morbi non lectus. Aliquam sit amet diam in magna bibendum imperdiet. Nullam orci pede, venenatis non, sodales sed, tincidunt eu, felis. Fusce posuere felis sed lacus.",
        "room_type": "Double Bed",
        "room_number": "364",
        "status": "Check In"
    },
    {
        "id": "f54ca8c0-73c0-4bec-8e01-ae2ecebabab5",
        "order_date": "1710288938000",
        "first_name": "Calli",
        "last_name": "Arend",
        "check_in": "1719377805000",
        "check_out": "1725530487000",
        "request": "Pellentesque eget nunc. Donec quis orci eget orci vehicula condimentum. Curabitur in libero ut massa volutpat convallis.",
        "room_type": "Double Superior",
        "room_number": "986",
        "status": "Check Out"
    },
    {
        "id": "5a1c3a60-9e9e-4258-ac81-e21f5154c211",
        "order_date": "1702211826000",
        "first_name": "Klara",
        "last_name": "Gwinnell",
        "check_in": "1718650476000",
        "check_out": "1736612973000",
        "request": "Cras non velit nec nisi vulputate nonummy. Maecenas tincidunt lacus at velit. Vivamus vel nulla eget eros elementum pellentesque. Quisque porta volutpat erat.",
        "room_type": "Single Bed",
        "room_number": "462",
        "status": "In Progress"
    },
    {
        "id": "8b049c75-e876-42d4-acc0-0cb229263530",
        "order_date": "1696931301000",
        "first_name": "Tessie",
        "last_name": "Haily",
        "check_in": "1735737379000",
        "check_out": "1730523287000",
        "request": "Lorem ipsum dolor sit amet, consectetuer adipiscing elit. Proin interdum mauris non ligula pellentesque ultrices.",
        "room_type": "Suite",
        "room_number": "647",
        "status": "In Progress"
    },
    {
        "id": "5297fb65-50c7-4e9b-ada2-86ac128f51c2",
        "order_date": "1686241464000",
        "first_name": "Isaak",
        "last_name": "Hadingham",
        "check_in": "1730685614000",
        "check_out": "1719657490000",
        "request": "Sed accumsan felis. Ut at dolor quis odio consequat varius.",
        "room_type": "Double Superior",
        "room_number": "825",
        "status": "Check In"
    },
    {
        "id": "86812bfa-cab5-4fbb-8a8c-984480c0e8e5",
        "order_date": "1695429281000",
        "first_name": "Miran",
        "last_name": "Wessing",
        "check_in": "1733737820000",
        "check_out": "1730034909000",
        "request": "Praesent blandit lacinia erat. Vestibulum sed magna at nunc commodo placerat. Praesent blandit. Nam nulla.",
        "room_type": "Suite",
        "room_number": "135",
        "status": "In Progress"
    }
]