[
    {
        "id": "8c2e12e3-d2e5-43c3-a173-7544e35dcd19",
        "photo": "https://robohash.org/pariaturquiadolores.png?size=100x100&set=set1",
        "full_name": "Yorgo Picardo",
        "email": "ypicardo0@home.pl",
        "start_date": "1701920012000",
        "description": "Duis bibendum, felis sed interdum venenatis, turpis enim blandit mi, in porttitor pede justo eu massa. Donec dapibus. Duis at velit eu est congue elementum.",
        "position": "Manager",
        "phone": "(864) 8802755",
        "status": "Active",
        "password": "$2a$04$QkIdrZrKddmgtlWN.e6xC.wH/eUHHnQJTmy2Ie2t38pO.pqDU.YYK"
    },
    {
        "id": "4c986d59-070a-4322-ba2c-0b1e0668bd59",
        "photo": "https://robohash.org/totamomnisexplicabo.png?size=100x100&set=set1",
        "full_name": "Rozella Aldam",
        "email": "raldam1@state.tx.us",
        "start_date": "1679577156000",
        "description": "Vestibulum rutrum rutrum neque. Aenean auctor gravida sem. Praesent id massa id nisl venenatis lacinia.",
        "position": "Manager",
        "phone": "(852) 6284304",
        "status": "Inactive",
        "password": "$2a$04$mEe5vny1EbRl43EnOFQfg.WO7XoleXh6EyxOM2rN1LnzduqaVCgcG"
    },
    {
        "id": "765b55f8-22bf-4456-8696-285e105e93fa",
        "photo": "https://robohash.org/sedplaceatqui.png?size=100x100&set=set1",
        "full_name": "Aubrey Exposito",
        "email": "aexposito2@mysql.com",
        "start_date": "1663078648000",
        "description": "Mauris lacinia sapien quis libero.",
        "position": "Manager",
        "phone": "(131) 3680456",
        "status": "Active",
        "password": "$2a$04$n5FyKv3qYbiNTE8Hfn3Uq.NQxOOuR/URa7OA2lupOmgvmnETRhwd6"
    },
    {
        "id": "b397d8b2-20d5-4597-a070-78e635ef2595",
        "photo": "https://robohash.org/enimquibusdamvel.png?size=100x100&set=set1",
        "full_name": "Brande Strauss",
        "email": "bstrauss3@vinaora.com",
        "start_date": "1652288732000",
        "description": "Donec ut dolor. Morbi vel lectus in quam fringilla rhoncus. Mauris enim leo, rhoncus sed, vestibulum sit amet, cursus id, turpis. Integer aliquet, massa id lobortis convallis, tortor risus dapibus augue, vel accumsan tellus nisi eu orci. Mauris lacinia sapien quis libero.",
        "position": "Room Service",
        "phone": "(299) 6249631",
        "status": "Active",
        "password": "$2a$04$rETqhIGX85hrWgXgEzybXOpEWGeeYHAO93RsBLgg87b8DC5td7ss."
    },
    {
        "id": "df068e35-7d29-46a1-a2c2-5e12afec6066",
        "photo": "https://robohash.org/facilisautmagnam.png?size=100x100&set=set1",
        "full_name": "Paddie Bassingham",
        "email": "pbassingham4@yandex.ru",
        "start_date": "1653635348000",
        "description": "Donec dapibus. Duis at velit eu est congue elementum.",
        "position": "Manager",
        "phone": "(407) 4656909",
        "status": "Active",
        "password": "$2a$04$MJ6BMikWrP1qAgwPsY7tP.SyFybHIxmEOWZiHrQ7fV6zCERYyG47S"
    },
    {
        "id": "56dbb070-a636-45df-8374-d049ac4b090d",
        "photo": "https://robohash.org/noninaut.png?size=100x100&set=set1",
        "full_name": "Reeva Cancelier",
        "email": "rcancelier5@twitter.com",
        "start_date": "1652789816000",
        "description": "Integer a nibh. In quis justo. Maecenas rhoncus aliquam lacus. Morbi quis tortor id nulla ultrices aliquet.",
        "position": "Room Service",
        "phone": "(163) 8780291",
        "status": "Inactive",
        "password": "$2a$04$XFjeMBEislHLF08jCnVYfOYQm6kyYz5kNiWprtuMw1Wsiejixk.G."
    },
    {
        "id": "d689c06d-3ce1-4974-8500-973eedb2d96a",
        "photo": "https://robohash.org/nequemolestiaevoluptas.png?size=100x100&set=set1",
        "full_name": "Riva Rubie",
        "email": "rrubie6@smh.com.au",
        "start_date": "1685242306000",
        "description": "Aliquam quis turpis eget elit sodales scelerisque.",
        "position": "Recepcionist",
        "phone": "(408) 9402975",
        "status": "Inactive",
        "password": "$2a$04$mvZVwE7P5WQNHe9numsIT.KdPkIAoTYj5U5S/DEqqCa3fCxFRrdai"
    },
    {
        "id": "6ce38f83-eca7-4654-b37e-818e3b4137cd",
        "photo": "https://robohash.org/officiavelrem.png?size=100x100&set=set1",
        "full_name": "Flore Ciccerale",
        "email": "fciccerale7@nationalgeographic.com",
        "start_date": "1678540426000",
        "description": "Etiam justo. Etiam pretium iaculis justo. In hac habitasse platea dictumst. Etiam faucibus cursus urna. Ut tellus.",
        "position": "Manager",
        "phone": "(508) 7408779",
        "status": "Inactive",
        "password": "$2a$04$apxnchsnCOok5mB9c7sDg.HjlZlbGcc1hrHPiWSWsqZAeNm.BoyeK"
    },
    {
        "id": "64bfa187-60d8-4ecc-9b6e-40e6ac7908e2",
        "photo": "https://robohash.org/aliquamvitaefuga.png?size=100x100&set=set1",
        "full_name": "Lona Nulty",
        "email": "lnulty8@bigcartel.com",
        "start_date": "1652352378000",
        "description": "Nulla mollis molestie lorem. Quisque ut erat. Curabitur gravida nisi at nibh. In hac habitasse platea dictumst. Aliquam augue quam, sollicitudin vitae, consectetuer eget, rutrum at, lorem.",
        "position": "Recepcionist",
        "phone": "(800) 5833853",
        "status": "Inactive",
        "password": "$2a$04$6pBhMS.f8nhWpu3u.uJVSOlabJ74/RxyvqXAbCuRF.6HnxothKCnq"
    },
    {
        "id": "3b36a0f3-5974-4707-8517-58e6897dd935",
        "photo": "https://robohash.org/laborumdictafugiat.png?size=100x100&set=set1",
        "full_name": "Tamas Jeandeau",
        "email": "tjeandeau9@amazon.co.uk",
        "start_date": "1666447834000",
        "description": "Mauris sit amet eros.",
        "position": "Manager",
        "phone": "(664) 1070171",
        "status": "Inactive",
        "password": "$2a$04$EB4tRZ5XbhvhHqzvUaqWaed3sH710vsmCVlOKJbanPZWvBOzhGtmi"
    },
    {
        "id": "363536ac-f08b-443f-adb3-0f718c049997",
        "photo": "https://robohash.org/culpaenimnisi.png?size=100x100&set=set1",
        "full_name": "Michel Cawkwell",
        "email": "mcawkwella@mit.edu",
        "start_date": "1702046283000",
        "description": "Nulla ut erat id mauris vulputate elementum.",
        "position": "Room Service",
        "phone": "(729) 3999321",
        "status": "Active",
        "password": "$2a$04$kIsK0y1G8R2cchW9YNo74eNA3oaffR1xkmmcbocDVngwXYeeeDlh."
    },
    {
        "id": "65d366b0-b89b-44f8-9332-01c1c5cafe90",
        "photo": "https://robohash.org/quasidolorumeum.png?size=100x100&set=set1",
        "full_name": "Fedora Izsak",
        "email": "fizsakb@fda.gov",
        "start_date": "1653780529000",
        "description": "Cras non velit nec nisi vulputate nonummy. Maecenas tincidunt lacus at velit. Vivamus vel nulla eget eros elementum pellentesque.",
        "position": "Room Service",
        "phone": "(717) 8271310",
        "status": "Active",
        "password": "$2a$04$qi0fkkQI/.QaFqnnTDYwquqbYNW2sJ/etqI26o8LhMskQKdbrlvr."
    },
    {
        "id": "2fa50da7-c69a-4fca-8b65-2258f34c2439",
        "photo": "https://robohash.org/recusandaevitaeminus.png?size=100x100&set=set1",
        "full_name": "Rabi De Cruze",
        "email": "rdec@about.com",
        "start_date": "1702827628000",
        "description": "Proin eu mi. Nulla ac enim. In tempor, turpis nec euismod scelerisque, quam turpis adipiscing lorem, vitae mattis nibh ligula nec sem. Duis aliquam convallis nunc.",
        "position": "Manager",
        "phone": "(750) 2665680",
        "status": "Inactive",
        "password": "$2a$04$YNonDxIoEAqawSjeFnnxOOduzEQ0iAPS4wznCPd7YzmJYznjgPXqC"
    },
    {
        "id": "e526050a-b717-4d27-92b6-edc015a3a592",
        "photo": "https://robohash.org/sequiinconsequatur.png?size=100x100&set=set1",
        "full_name": "Regina Dorrance",
        "email": "rdorranced@admin.ch",
        "start_date": "1671927717000",
        "description": "Aenean fermentum. Donec ut mauris eget massa tempor convallis. Nulla neque libero, convallis eget, eleifend luctus, ultricies eu, nibh. Quisque id justo sit amet sapien dignissim vestibulum.",
        "position": "Room Service",
        "phone": "(626) 7836431",
        "status": "Active",
        "password": "$2a$04$IpfEdnghOEAQMXWDDZLIFua4Y5GTfiK6M4uEqi.33.qX/q83jyeye"
    },
    {
        "id": "301add9f-11af-442c-b04b-d884a53cc1a2",
        "photo": "https://robohash.org/estuttotam.png?size=100x100&set=set1",
        "full_name": "Der Landor",
        "email": "dlandore@nsw.gov.au",
        "start_date": "1675378932000",
        "description": "Mauris ullamcorper purus sit amet nulla. Quisque arcu libero, rutrum ac, lobortis vel, dapibus at, diam.",
        "position": "Recepcionist",
        "phone": "(312) 9359635",
        "status": "Inactive",
        "password": "$2a$04$f3xyHXbw3BQOi4EqN5mwmON3KUjBOyGi1wVMxYySAyXyDam7E7cnG"
    },
    {
        "id": "b0046e28-3600-4bc0-85ed-22430af0d63f",
        "photo": "https://robohash.org/dictaiureeligendi.png?size=100x100&set=set1",
        "full_name": "Eamon Stannard",
        "email": "estannardf@alexa.com",
        "start_date": "1655089159000",
        "description": "Etiam faucibus cursus urna. Ut tellus. Nulla ut erat id mauris vulputate elementum. Nullam varius. Nulla facilisi.",
        "position": "Recepcionist",
        "phone": "(311) 4560475",
        "status": "Active",
        "password": "$2a$04$Xwep1unjvhhoLrk7fyWQp.eRcc6TCV4RxvKwtrA7QnMiP7zyLa3xK"
    },
    {
        "id": "ea33263f-1d23-4b8b-9014-a9dccb369220",
        "photo": "https://robohash.org/temporeexpeditasint.png?size=100x100&set=set1",
        "full_name": "Rutledge Aistrop",
        "email": "raistropg@fc2.com",
        "start_date": "1645909602000",
        "description": "Mauris enim leo, rhoncus sed, vestibulum sit amet, cursus id, turpis. Integer aliquet, massa id lobortis convallis, tortor risus dapibus augue, vel accumsan tellus nisi eu orci. Mauris lacinia sapien quis libero.",
        "position": "Room Service",
        "phone": "(396) 3426175",
        "status": "Active",
        "password": "$2a$04$LoBpuXyA/ZzVReyb/BjAl.5PRk1/VX2jbuNoX1TC8XXz5F1pvjsqS"
    },
    {
        "id": "b8058c28-a2a2-40c3-9eba-13ba43fdebf9",
        "photo": "https://robohash.org/velitquiavelit.png?size=100x100&set=set1",
        "full_name": "Andie Wearn",
        "email": "awearnh@github.io",
        "start_date": "1676716234000",
        "description": "Morbi vestibulum, velit id pretium iaculis, diam erat fermentum justo, nec condimentum neque sapien placerat ante. Nulla justo. Aliquam quis turpis eget elit sodales scelerisque. Mauris sit amet eros.",
        "position": "Recepcionist",
        "phone": "(396) 6670548",
        "status": "Inactive",
        "password": "$2a$04$ymSNlqjo357N/17fr4R7FOOAeZmQTJAU3TNT4nFBCHrebC04HiPNm"
    },
    {
        "id": "ce007d29-ad70-45d5-947c-f0b0eaa38133",
        "photo": "https://robohash.org/aliaspossimusminus.png?size=100x100&set=set1",
        "full_name": "Alameda Tucknott",
        "email": "atucknotti@deliciousdays.com",
        "start_date": "1667131270000",
        "description": "Pellentesque viverra pede ac diam. Cras pellentesque volutpat dui.",
        "position": "Manager",
        "phone": "(871) 3143008",
        "status": "Active",
        "password": "$2a$04$pmh5nrXwKMRsUnsQpdUUyOIiSBk2L.1JoVt1q72uLF67G9.uzFEfS"
    },
    {
        "id": "f143d50d-9325-4ae4-ac57-bdeebe8ad827",
        "photo": "https://robohash.org/culpaseditaque.png?size=100x100&set=set1",
        "full_name": "Marylou Titcom",
        "email": "mtitcomj@state.tx.us",
        "start_date": "1645303945000",
        "description": "Morbi ut odio. Cras mi pede, malesuada in, imperdiet et, commodo vulputate, justo. In blandit ultrices enim. Lorem ipsum dolor sit amet, consectetuer adipiscing elit.",
        "position": "Manager",
        "phone": "(535) 2459990",
        "status": "Inactive",
        "password": "$2a$04$qMHFZzos2VPfvZhJgNBQReDplZXDEFczqjoq4Akcd/Y1ceh3TNTA."
    }
]