[{"id":1,"full_name":"Constantine MacAdam","email":"cmacadam0@msn.com","phone":"(834) 6886786","subject":"diam","message":"Proin interdum mauris non ligula pellentesque ultrices. Phasellus id sapien in sapien iaculis congue. Vivamus metus arcu, adipiscing molestie, hendrerit at, vulputate vitae, nisl. Aenean lectus. Pellentesque eget nunc. Donec quis orci eget orci vehicula condimentum. Curabitur in libero ut massa volutpat convallis. Morbi odio odio, elementum eu, interdum eu, tincidunt in, leo.","status":"Read","date":"1704096946000"},{"id":2,"full_name":"Gabby Fagence","email":"gfagence1@slideshare.net","phone":"(240) 6669358","subject":"nunc commodo placerat praesent","message":"Maecenas rhoncus aliquam lacus. Morbi quis tortor id nulla ultrices aliquet. Maecenas leo odio, condimentum id, luctus nec, molestie sed, justo. Pellentesque viverra pede ac diam. Cras pellentesque volutpat dui. Maecenas tristique, est et tempus semper, est quam pharetra magna, ac consequat metus sapien ut nunc. Vestibulum ante ipsum primis in faucibus orci luctus et ultrices posuere cubilia Curae; Mauris viverra diam vitae quam. Suspendisse potenti. Nullam porttitor lacus at turpis. Donec posuere metus vitae ipsum.","status":"Unread","date":"1704253713000"},{"id":3,"full_name":"Xymenes Dearle-Palser","email":"xdearlepalser2@bloomberg.com","phone":"(196) 4626157","subject":"rhoncus dui","message":"Aenean fermentum. Donec ut mauris eget massa tempor convallis. Nulla neque libero, convallis eget, eleifend luctus, ultricies eu, nibh. Quisque id justo sit amet sapien dignissim vestibulum.","status":"Read","date":"1709649428000"},{"id":4,"full_name":"Pippa Orleton","email":"porleton3@mail.ru","phone":"(371) 8673351","subject":"ut ultrices vel","message":"Donec quis orci eget orci vehicula condimentum. Curabitur in libero ut massa volutpat convallis. Morbi odio odio, elementum eu, interdum eu, tincidunt in, leo. Maecenas pulvinar lobortis est. Phasellus sit amet erat. Nulla tempus. Vivamus in felis eu sapien cursus vestibulum. Proin eu mi. Nulla ac enim. In tempor, turpis nec euismod scelerisque, quam turpis adipiscing lorem, vitae mattis nibh ligula nec sem.","status":"Unread","date":"1708657626000"},{"id":5,"full_name":"Madlen Le Fevre","email":"mle4@amazon.com","phone":"(500) 5369699","subject":"in lacus curabitur at","message":"Vivamus vel nulla eget eros elementum pellentesque. Quisque porta volutpat erat. Quisque erat eros, viverra eget, congue eget, semper rutrum, nulla. Nunc purus. Phasellus in felis. Donec semper sapien a libero. Nam dui. Proin leo odio, porttitor id, consequat in, consequat ut, nulla. Sed accumsan felis.","status":"Read","date":"1707177544000"},{"id":6,"full_name":"Moishe Heugel","email":"mheugel5@tripod.com","phone":"(793) 5216295","subject":"facilisi cras non velit nec","message":"Nulla tempus. Vivamus in felis eu sapien cursus vestibulum. Proin eu mi. Nulla ac enim. In tempor, turpis nec euismod scelerisque, quam turpis adipiscing lorem, vitae mattis nibh ligula nec sem. Duis aliquam convallis nunc. Proin at turpis a pede posuere nonummy. Integer non velit.","status":"Unread","date":"1707940418000"},{"id":7,"full_name":"Abeu Colquete","email":"acolquete6@nature.com","phone":"(303) 4451003","subject":"ac","message":"In eleifend quam a odio. In hac habitasse platea dictumst. Maecenas ut massa quis augue luctus tincidunt. Nulla mollis molestie lorem. Quisque ut erat.","status":"Read","date":"1709521224000"},{"id":8,"full_name":"Pepillo Tregido","email":"ptregido7@indiegogo.com","phone":"(339) 7905720","subject":"fusce lacus purus aliquet at","message":"Integer tincidunt ante vel ipsum. Praesent blandit lacinia erat. Vestibulum sed magna at nunc commodo placerat. Praesent blandit. Nam nulla. Integer pede justo, lacinia eget, tincidunt eget, tempus vel, pede. Morbi porttitor lorem id ligula. Suspendisse ornare consequat lectus.","status":"Unread","date":"1706060628000"},{"id":9,"full_name":"Corney Zorener","email":"czorener8@illinois.edu","phone":"(209) 2167570","subject":"enim","message":"Nulla justo. Aliquam quis turpis eget elit sodales scelerisque. Mauris sit amet eros. Suspendisse accumsan tortor quis turpis. Sed ante. Vivamus tortor.","status":"Read","date":"1705477388000"},{"id":10,"full_name":"Alvie Sloane","email":"asloane9@shutterfly.com","phone":"(363) 4618118","subject":"dapibus duis at velit","message":"Cras non velit nec nisi vulputate nonummy. Maecenas tincidunt lacus at velit. Vivamus vel nulla eget eros elementum pellentesque. Quisque porta volutpat erat. Quisque erat eros, viverra eget, congue eget, semper rutrum, nulla. Nunc purus. Phasellus in felis. Donec semper sapien a libero. Nam dui.","status":"Unread","date":"1707116140000"},{"id":11,"full_name":"Carmina Stigers","email":"cstigersa@unc.edu","phone":"(422) 5564169","subject":"hac habitasse platea","message":"Duis aliquam convallis nunc. Proin at turpis a pede posuere nonummy. Integer non velit. Donec diam neque, vestibulum eget, vulputate ut, ultrices vel, augue. Vestibulum ante ipsum primis in faucibus orci luctus et ultrices posuere cubilia Curae; Donec pharetra, magna vestibulum aliquet ultrices, erat tortor sollicitudin mi, sit amet lobortis sapien sapien non mi. Integer ac neque. Duis bibendum. Morbi non quam nec dui luctus rutrum.","status":"Read","date":"1708242785000"},{"id":12,"full_name":"Bruno Orcott","email":"borcottb@wsj.com","phone":"(386) 2229622","subject":"nulla mollis","message":"Donec vitae nisi. Nam ultrices, libero non mattis pulvinar, nulla pede ullamcorper augue, a suscipit nulla elit ac nulla. Sed vel enim sit amet nunc viverra dapibus.","status":"Unread","date":"1704129055000"},{"id":13,"full_name":"Lauritz Huddleston","email":"lhuddlestonc@wikipedia.org","phone":"(562) 6274042","subject":"turpis elementum ligula vehicula consequat","message":"Proin leo odio, porttitor id, consequat in, consequat ut, nulla. Sed accumsan felis. Ut at dolor quis odio consequat varius. Integer ac leo.","status":"Read","date":"1706047624000"},{"id":14,"full_name":"Anny Luetkemeyers","email":"aluetkemeyersd@businessweek.com","phone":"(556) 1499242","subject":"rhoncus","message":"Duis mattis egestas metus. Aenean fermentum. Donec ut mauris eget massa tempor convallis. Nulla neque libero, convallis eget, eleifend luctus, ultricies eu, nibh. Quisque id justo sit amet sapien dignissim vestibulum.","status":"Unread","date":"1707692601000"},{"id":15,"full_name":"Colline Mablestone","email":"cmablestonee@networksolutions.com","phone":"(191) 1198161","subject":"mi integer","message":"Proin risus. Praesent lectus.","status":"Read","date":"1704661342000"},{"id":16,"full_name":"Moselle Le Port","email":"mlef@twitter.com","phone":"(833) 1260276","subject":"dui","message":"Duis at velit eu est congue elementum.","status":"Unread","date":"1705899913000"},{"id":17,"full_name":"Carlynne Cursons","email":"ccursonsg@qq.com","phone":"(788) 7418867","subject":"mus etiam vel augue","message":"Quisque porta volutpat erat. Quisque erat eros, viverra eget, congue eget, semper rutrum, nulla. Nunc purus. Phasellus in felis. Donec semper sapien a libero.","status":"Read","date":"1705719858000"},{"id":18,"full_name":"Daffy Gimenez","email":"dgimenezh@delicious.com","phone":"(902) 8961109","subject":"quam","message":"Vivamus metus arcu, adipiscing molestie, hendrerit at, vulputate vitae, nisl. Aenean lectus. Pellentesque eget nunc. Donec quis orci eget orci vehicula condimentum.","status":"Unread","date":"1709418527000"},{"id":19,"full_name":"Darice Colborn","email":"dcolborni@intel.com","phone":"(105) 6185578","subject":"a nibh in quis","message":"Nulla tempus. Vivamus in felis eu sapien cursus vestibulum. Proin eu mi.","status":"Read","date":"1707549420000"},{"id":20,"full_name":"Idette Took","email":"itookj@bing.com","phone":"(858) 1072382","subject":"in tempor turpis","message":"Suspendisse potenti. Cras in purus eu magna vulputate luctus. Cum sociis natoque penatibus et magnis dis parturient montes, nascetur ridiculus mus.","status":"Unread","date":"1706368531000"},{"id":21,"full_name":"Myrvyn Saurin","email":"msaurink@wp.com","phone":"(896) 3606335","subject":"nullam","message":"Pellentesque ultrices mattis odio. Donec vitae nisi. Nam ultrices, libero non mattis pulvinar, nulla pede ullamcorper augue, a suscipit nulla elit ac nulla.","status":"Read","date":"1708713159000"},{"id":22,"full_name":"Haze Polycote","email":"hpolycotel@apache.org","phone":"(515) 4178936","subject":"nulla","message":"Sed accumsan felis. Ut at dolor quis odio consequat varius.","status":"Unread","date":"1708040860000"},{"id":23,"full_name":"Analise Heinsen","email":"aheinsenm@soundcloud.com","phone":"(776) 5075874","subject":"eros vestibulum ac est lacinia","message":"In tempor, turpis nec euismod scelerisque, quam turpis adipiscing lorem, vitae mattis nibh ligula nec sem.","status":"Read","date":"1709297397000"},{"id":24,"full_name":"Zak Stonehewer","email":"zstonehewern@wikispaces.com","phone":"(206) 7927152","subject":"ut odio cras mi pede","message":"Proin eu mi.","status":"Unread","date":"1706172188000"},{"id":25,"full_name":"Rozele Goulbourn","email":"rgoulbourno@a8.net","phone":"(848) 7883455","subject":"felis donec semper","message":"Pellentesque viverra pede ac diam.","status":"Read","date":"1705808505000"},{"id":26,"full_name":"Lainey Ebbin","email":"lebbinp@fc2.com","phone":"(329) 1248576","subject":"posuere metus","message":"Vestibulum ante ipsum primis in faucibus orci luctus et ultrices posuere cubilia Curae; Mauris viverra diam vitae quam. Suspendisse potenti. Nullam porttitor lacus at turpis. Donec posuere metus vitae ipsum. Aliquam non mauris. Morbi non lectus. Aliquam sit amet diam in magna bibendum imperdiet. Nullam orci pede, venenatis non, sodales sed, tincidunt eu, felis. Fusce posuere felis sed lacus. Morbi sem mauris, laoreet ut, rhoncus aliquet, pulvinar sed, nisl.","status":"Unread","date":"1706240268000"},{"id":27,"full_name":"Mil Chrystal","email":"mchrystalq@marriott.com","phone":"(651) 1136364","subject":"mus vivamus vestibulum sagittis","message":"Aenean auctor gravida sem. Praesent id massa id nisl venenatis lacinia. Aenean sit amet justo.","status":"Read","date":"1706107713000"},{"id":28,"full_name":"Inger Liffey","email":"iliffeyr@businesswire.com","phone":"(303) 3869985","subject":"porttitor","message":"Praesent blandit. Nam nulla. Integer pede justo, lacinia eget, tincidunt eget, tempus vel, pede. Morbi porttitor lorem id ligula. Suspendisse ornare consequat lectus. In est risus, auctor sed, tristique in, tempus sit amet, sem. Fusce consequat. Nulla nisl. Nunc nisl. Duis bibendum, felis sed interdum venenatis, turpis enim blandit mi, in porttitor pede justo eu massa.","status":"Unread","date":"1706033642000"},{"id":29,"full_name":"Baxy Langran","email":"blangrans@zdnet.com","phone":"(257) 2032031","subject":"ut at dolor","message":"Duis aliquam convallis nunc. Proin at turpis a pede posuere nonummy. Integer non velit. Donec diam neque, vestibulum eget, vulputate ut, ultrices vel, augue.","status":"Read","date":"1709200883000"},{"id":30,"full_name":"Sibella O'Hengerty","email":"sohengertyt@google.co.jp","phone":"(507) 8654436","subject":"eu orci mauris lacinia sapien","message":"Nulla ut erat id mauris vulputate elementum. Nullam varius. Nulla facilisi. Cras non velit nec nisi vulputate nonummy. Maecenas tincidunt lacus at velit. Vivamus vel nulla eget eros elementum pellentesque. Quisque porta volutpat erat. Quisque erat eros, viverra eget, congue eget, semper rutrum, nulla.","status":"Unread","date":"1705087649000"},{"id":31,"full_name":"Fiann Brisard","email":"fbrisardu@printfriendly.com","phone":"(241) 1128796","subject":"urna pretium nisl ut volutpat","message":"Praesent blandit lacinia erat. Vestibulum sed magna at nunc commodo placerat. Praesent blandit. Nam nulla. Integer pede justo, lacinia eget, tincidunt eget, tempus vel, pede. Morbi porttitor lorem id ligula. Suspendisse ornare consequat lectus. In est risus, auctor sed, tristique in, tempus sit amet, sem.","status":"Read","date":"1706878418000"},{"id":32,"full_name":"Miriam Rowly","email":"mrowlyv@biglobe.ne.jp","phone":"(169) 9403534","subject":"vel","message":"Nunc rhoncus dui vel sem.","status":"Unread","date":"1709297910000"},{"id":33,"full_name":"Sol Harmson","email":"sharmsonw@fema.gov","phone":"(649) 7168554","subject":"ut massa volutpat","message":"Vestibulum ante ipsum primis in faucibus orci luctus et ultrices posuere cubilia Curae; Donec pharetra, magna vestibulum aliquet ultrices, erat tortor sollicitudin mi, sit amet lobortis sapien sapien non mi. Integer ac neque. Duis bibendum. Morbi non quam nec dui luctus rutrum. Nulla tellus. In sagittis dui vel nisl. Duis ac nibh. Fusce lacus purus, aliquet at, feugiat non, pretium quis, lectus. Suspendisse potenti. In eleifend quam a odio.","status":"Read","date":"1708283284000"},{"id":34,"full_name":"Kissiah Bilson","email":"kbilsonx@goo.gl","phone":"(608) 8061306","subject":"parturient","message":"Vestibulum rutrum rutrum neque. Aenean auctor gravida sem. Praesent id massa id nisl venenatis lacinia. Aenean sit amet justo. Morbi ut odio. Cras mi pede, malesuada in, imperdiet et, commodo vulputate, justo.","status":"Unread","date":"1707832624000"},{"id":35,"full_name":"Ruperta McCardle","email":"rmccardley@booking.com","phone":"(132) 4668204","subject":"in porttitor pede justo eu","message":"Nullam porttitor lacus at turpis. Donec posuere metus vitae ipsum. Aliquam non mauris. Morbi non lectus. Aliquam sit amet diam in magna bibendum imperdiet. Nullam orci pede, venenatis non, sodales sed, tincidunt eu, felis.","status":"Read","date":"1706767206000"},{"id":36,"full_name":"Hal Tschierasche","email":"htschieraschez@nyu.edu","phone":"(904) 4396783","subject":"in congue etiam justo etiam","message":"Sed accumsan felis. Ut at dolor quis odio consequat varius. Integer ac leo. Pellentesque ultrices mattis odio. Donec vitae nisi. Nam ultrices, libero non mattis pulvinar, nulla pede ullamcorper augue, a suscipit nulla elit ac nulla. Sed vel enim sit amet nunc viverra dapibus. Nulla suscipit ligula in lacus. Curabitur at ipsum ac tellus semper interdum. Mauris ullamcorper purus sit amet nulla.","status":"Unread","date":"1705235143000"},{"id":37,"full_name":"Julietta Ruskin","email":"jruskin10@sohu.com","phone":"(728) 2478852","subject":"proin interdum","message":"Phasellus in felis. Donec semper sapien a libero. Nam dui. Proin leo odio, porttitor id, consequat in, consequat ut, nulla. Sed accumsan felis. Ut at dolor quis odio consequat varius. Integer ac leo.","status":"Read","date":"1705238184000"},{"id":38,"full_name":"Tessy Deverick","email":"tdeverick11@geocities.jp","phone":"(254) 5298063","subject":"nulla elit ac nulla","message":"Morbi ut odio. Cras mi pede, malesuada in, imperdiet et, commodo vulputate, justo. In blandit ultrices enim.","status":"Unread","date":"1704224873000"},{"id":39,"full_name":"Bidget Baytrop","email":"bbaytrop12@ted.com","phone":"(522) 7897887","subject":"eget eros","message":"Nulla nisl. Nunc nisl.","status":"Read","date":"1704458187000"},{"id":40,"full_name":"Werner Patey","email":"wpatey13@behance.net","phone":"(345) 2841102","subject":"quis augue luctus tincidunt nulla","message":"In tempor, turpis nec euismod scelerisque, quam turpis adipiscing lorem, vitae mattis nibh ligula nec sem. Duis aliquam convallis nunc. Proin at turpis a pede posuere nonummy. Integer non velit. Donec diam neque, vestibulum eget, vulputate ut, ultrices vel, augue. Vestibulum ante ipsum primis in faucibus orci luctus et ultrices posuere cubilia Curae; Donec pharetra, magna vestibulum aliquet ultrices, erat tortor sollicitudin mi, sit amet lobortis sapien sapien non mi. Integer ac neque. Duis bibendum. Morbi non quam nec dui luctus rutrum. Nulla tellus.","status":"Unread","date":"1708371809000"}]